Artist,Date,City,Venue, Attendance ,Year,Longitude,Latitude
BTS,4/1/17,"Anaheim, California",Honda Center,,2017,-117.8897,33.8361
BTS,4/2/17,"Anaheim, California",Honda Center,,2017,-117.8897,33.8361
ATEEZ,11/7/22,"Anaheim, California",Honda Center,,2022,-117.8897,33.8361
ATEEZ,11/8/22,"Anaheim, California",Honda Center,,2022,-117.8897,33.8361
ENHYPEN,10/2/22,"Anaheim, California",Honda Center,"19,825",2022,-117.8897,33.8361
ENHYPEN,10/3/22,"Anaheim, California",Honda Center,,2022,-117.8897,33.8361
Stray Kids,7/19/22,"Anaheim, California",Honda Center,"20,025",2022,-117.8897,33.8361
Stray Kids,7/20/22,"Anaheim, California",Honda Center,,2022,-117.8897,33.8361
(G)IDLE,9/10/24,"Anaheim, California",Honda Center,,2024,-117.8897,33.8361
ENHYPEN,4/24/24,"Anaheim, California",Honda Center,"11,108",2024,-117.8897,33.8361
Kiss Of Life,12/8/24,"Anaheim, California",House of Blues Anaheim,,2024,-117.8897,33.8361
ATEEZ,7/28/24,"Arlington, Texas",Globe Life Field,,2024,-97.1228,32.705
BLITZERS,2/11/22,Atlanta,Center Stage Theatre,,2022,-84.3903,33.7569
ENHYPEN,10/11/22,Atlanta,Gas South Theatre,"8,515",2022,-84.3903,33.7569
TXT,7/12/22,Atlanta,Fox Theatre,"4,509",2022,-84.3903,33.7569
Wanna One,7/2/18,Atlanta,Infinite Energy Arena,,2018,-84.3903,33.7569
ATEEZ,3/22/19,Atlanta,Center Stage Theatre,,2019,-84.3903,33.7569
BLACKPINK,5/5/19,Atlanta,Infinite Energy Arena,"9,180",2019,-84.3903,33.7569
Jay Park,11/18/19,Atlanta,Tabernacle,,2019,-84.3903,33.7569
ONEUS,11/8/19,Atlanta,Center Stage Theatre,,2019,-84.3903,33.7569
Tiffany,11/13/19,Atlanta,Buckhead Theatre,,2019,-84.3903,33.7569
EVERGLOW,3/8/20,Atlanta,Center Stage Theatre,,2020,-84.3903,33.7569
Stray Kids,1/31/20,Atlanta,Fox Theatre,,2020,-84.3903,33.7569
(G)IDLE,8/7/22,Atlanta,Cobb Energy Centre,,2022,-84.3903,33.7569
ATEEZ,1/20/22,Atlanta,Gas South Theatre,"7,764",2022,-84.3903,33.7569
ATEEZ,11/22/22,Atlanta,State Farm Arena,,2022,-84.3903,33.7569
BLACKPINK,11/2/22,Atlanta,State Farm Arena,"23,434",2022,-84.3903,33.7569
BLACKPINK,11/3/22,Atlanta,State Farm Arena,,2022,-84.3903,33.7569
Brave Girls,7/14/22,Atlanta,Heaven @ The Masquerade,,2022,-84.3903,33.7569
CIX,5/2/22,Atlanta,Buckhead Theatre,,2022,-84.3903,33.7569
DKB,6/14/22,Atlanta,The Center Stage,,2022,-84.3903,33.7569
Itzy,11/5/22,Atlanta,Fox Theatre,,2022,-84.3903,33.7569
KARD,8/14/22,Atlanta,Coca Cola Roxy,,2022,-84.3903,33.7569
Kim Woo Jin,11/8/22,Atlanta,The Loft at Center Stage,,2022,-84.3903,33.7569
LOONA,8/23/22,Atlanta,Coca Cola Roxy,,2022,-84.3903,33.7569
Monsta X,6/4/22,Atlanta,Gas South Theatre,,2022,-84.3903,33.7569
OMEGA X,10/6/22,Atlanta,Center Stage Theatre,,2022,-84.3903,33.7569
ONEUS,2/23/22,Atlanta,Center Stage Theatre,,2022,-84.3903,33.7569
P1Harmony,5/8/22,Atlanta,Coca Cola Roxy,,2022,-84.3903,33.7569
Sunmi,9/8/22,Atlanta,The Tabernacle,,2022,-84.3903,33.7569
THE BOYZ,6/5/22,Atlanta,Coca Cola Roxy,,2022,-84.3903,33.7569
TWICE,2/24/22,Atlanta,State Farm Arena,"11,596",2022,-84.3903,33.7569
TWICE,2/24/22,Atlanta,State Farm Arena,"11,596",2022,-84.3903,33.7569
WEi,9/23/22,Atlanta,The Loft,,2022,-84.3903,33.7569
(G)IDLE,8/15/23,Atlanta,Fox Theatre,,2023,-84.3903,33.7569
Aespa,8/25/23,Atlanta,Fox Theatre,,2023,-84.3903,33.7569
Chuu,12/15/23,Atlanta,CocaCola Roxy,,2023,-84.3903,33.7569
CRAVITY,6/22/23,Atlanta,Heaven at the Masquerade,,2023,-84.3903,33.7569
EVERGLOW,11/6/23,Atlanta,Tabernacle,,2023,-84.3903,33.7569
Loossemble,9/22/23,Atlanta,Gas South Arena,,2023,-84.3903,33.7569
N.Flying,1/19/23,Atlanta,Buckhead Theatre,,2023,-84.3903,33.7569
NCT 127,1/13/23,Atlanta,State Farm Arena,,2023,-84.3903,33.7569
NCT 127,1/13/23,Atlanta,State Farm Arena,,2023,-84.3903,33.7569
NCT Dream,4/9/23,Atlanta,State Farm Arena,,2023,-84.3903,33.7569
NMIXX,5/12/23,Atlanta,CocaCola Roxy,,2023,-84.3903,33.7569
ONEUS,1/16/23,Atlanta,Coca Cola Roxy,,2023,-84.3903,33.7569
OnlyOneOf,4/6/23,Atlanta,Heaven @ The Masquerade,,2023,-84.3903,33.7569
P1Harmony,2/1/23,Atlanta,CocaCola Roxy,,2023,-84.3903,33.7569
pH1,1/30/23,Atlanta,Buckhead Theater,,2023,-84.3903,33.7569
PIXY,5/7/23,Atlanta,Center Stage,,2023,-84.3903,33.7569
Stray Kids,3/22/23,Atlanta,State Farm Arena,"23,019",2023,-84.3903,33.7569
Stray Kids,3/23/23,Atlanta,State Farm Arena,,2023,-84.3903,33.7569
TRI.BE,6/8/23,Atlanta,Center Stage (The Loft),,2023,-84.3903,33.7569
tripleS,9/24/23,Atlanta,Tabernacle,,2023,-84.3903,33.7569
TWICE,7/9/23,Atlanta,Truist Park,"32,328",2023,-84.3903,33.7569
WOODZ,12/8/23,Atlanta,Gas South Arena,,2023,-84.3903,33.7569
ARTMS,8/19/24,Atlanta, Tabernacle ,,2024,-84.3903,33.7569
BM,5/23/24,Atlanta,The Eastern,,2024,-84.3903,33.7569
CIX,5/19/24,Atlanta, Variety Playhouse ,,2024,-84.3903,33.7569
Dreamcatcher,11/24/24,Atlanta,Coca-Cola Roxy,,2024,-84.3903,33.7569
Itzy,6/18/24,Atlanta,Fox Theatre Atlanta,,2024,-84.3903,33.7569
IU,7/19/24,Atlanta,State Farm Arena,"12,947",2024,-84.3903,33.7569
IVE,3/24/24,Atlanta,State Farm Arena,"7,154",2024,-84.3903,33.7569
Kiss Of Life,11/24/24,Atlanta,The Eastern,,2024,-84.3903,33.7569
MCND,2/13/24,Atlanta,Variety Playhouse,,2024,-84.3903,33.7569
P1Harmony,6/1/24,Atlanta,Fox Theatre Atlanta,,2024,-84.3903,33.7569
THE BOYZ,7/21/24,Atlanta,Fox Theater,,2024,-84.3903,33.7569
TXT,5/29/24,Atlanta,State Farm Arena,"10,072",2024,-84.3903,33.7569
XG,10/16/24,Atlanta,Gas South Arena,,2024,-84.3903,33.7569
P1Harmony,2/14/23,"Austin, Texas",ACL Live,,2023,-97.7333,30.3
PIXY,4/15/23,"Austin, Texas",The Venue,,2023,-97.7333,30.3
Suga,4/26/23,"Belmont Park, Colwood",UBS Arena,"29,414",2023,-123.467,48.4361
Suga,4/27/23,"Belmont Park, Colwood",UBS Arena,,2023,-123.467,48.4361
TXT,5/9/23,"Belmont Park, Colwood",UBS Arena,"22,506",2023,-123.467,48.4361
TXT,5/10/23,"Belmont Park, Colwood",UBS Arena,,2023,-123.467,48.4361
(G)IDLE,9/18/24,"Belmont Park, Colwood",UBS Arena,,2024,-123.467,48.4361
ENHYPEN,5/3/24,"Belmont Park, Colwood",UBS Arena,"12,224",2024,-123.467,48.4361
NCT Dream,9/21/24,"Belmont Park, Colwood",UBS Arena,,2024,-123.467,48.4361
Billlie,12/12/24,"Berkeley, California", The UC Theatre ,,2024,-122.2681,37.8703
ONEUS,3/12/22,"Beverly Hills, California",Saban Theatre,,2022,-118.3994,34.0731
Tiffany,11/8/19,Boston,Paradise Rock Club,,2019,-71.0578,42.3603
Itzy,11/10/22,Boston,MGM Music Hall,,2022,-71.0578,42.3603
Aespa,9/2/23,Boston,MGM Music Hall,,2023,-71.0578,42.3603
Kang Daniel,3/4/23,Boston,Royale,,2023,-71.0578,42.3603
PIXY,5/2/23,Boston,Middle East,,2023,-71.0578,42.3603
TRI.BE,6/13/23,Boston,Regent Theatre,,2023,-71.0578,42.3603
Kiss Of Life,11/16/24,Boston,Orpheum Theatre,,2024,-71.0578,42.3603
Loossemble,10/11/24,Boston,Orpheum Theatre,,2024,-71.0578,42.3603
Moonbyul,11/27/24,Boston, Strand Theatre ,,2024,-71.0578,42.3603
P1Harmony,5/26/24,Boston,Boch Center Wang Theatre,,2024,-71.0578,42.3603
DKB,6/10/22,Brooklyn,Brooklyn Monarch,,2022,-73.9903,40.6928
KARD,8/12/22,Brooklyn,Kings Theatre,,2022,-73.9903,40.6928
Aespa,9/5/23,Brooklyn,Barclays Center,,2023,-73.9903,40.6928
NMIXX,5/16/23,Brooklyn,Kings Theatre,,2023,-73.9903,40.6928
Whee In,6/4/24,Brooklyn,Brooklyn Paramount,,2024,-73.9903,40.6928
TXT,5/6/23,"Charlotte, North Carolina",Spectrum Center,"12,662",2023,-80.8433,35.2269
Moonbyul,11/21/24,"Charlotte, North Carolina",Dale F. Halton Theater,,2024,-80.8433,35.2269
ENHYPEN,10/13/22,Chicago,Wintrust Area,"5,961",2022,-87.6501,41.85
TXT,7/7/22,Chicago,Rosemont Theatre,"4,340",2022,-87.6501,41.85
Amber,12/5/18,Chicago,Park West,,2018,-87.6501,41.85
BTS,10/2/18,Chicago,United Center,"27,880",2018,-87.6501,41.85
BTS,10/3/18,Chicago,United Center,"27,880",2018,-87.6501,41.85
Wanna One,6/29/18,Chicago,AllState Arena,,2018,-87.6501,41.85
ATEEZ,3/20/19,Chicago,Park West,,2019,-87.6501,41.85
BLACKPINK,4/24/19,Chicago,AllState Arena,"11,417",2019,-87.6501,41.85
BTS,5/11/19,Chicago,Soldier Field,"88,156",2019,-87.6501,41.85
BTS,5/12/19,Chicago,Soldier Field,,2019,-87.6501,41.85
Dreamcatcher,12/8/19,Chicago,Concord Music Hall,,2019,-87.6501,41.85
Jay Park,11/24/19,Chicago,Riviera Theatre,,2019,-87.6501,41.85
ONEUS,11/6/19,Chicago,The Vix,,2019,-87.6501,41.85
Red Velvet,2/15/19,Chicago,Chicago Theatre,"3,453",2019,-87.6501,41.85
SuperM,11/13/19,Chicago,United Center,,2019,-87.6501,41.85
Tiffany,11/2/19,Chicago,Vic Theatre,,2019,-87.6501,41.85
TWICE,7/23/19,Chicago,Wintrust Area,"5,911",2019,-87.6501,41.85
EVERGLOW,3/11/20,Chicago,Vic Theatre,,2020,-87.6501,41.85
Seventeen,1/12/20,Chicago,United Center,,2020,-87.6501,41.85
Stray Kids,2/5/20,Chicago,Rosemont Theatre,,2020,-87.6501,41.85
(G)IDLE,8/3/22,Chicago,Radius,,2022,-87.6501,41.85
ATEEZ,1/18/22,Chicago,Wintrust Area,"6,291",2022,-87.6501,41.85
ATEEZ,11/19/22,Chicago,Wintrust Arena,,2022,-87.6501,41.85
BLACKPINK,11/10/22,Chicago,United Center,"25,582",2022,-87.6501,41.85
BLACKPINK,11/11/22,Chicago,United Center,,2022,-87.6501,41.85
BLITZERS,2/17/22,Chicago,Northstore Pac,,2022,-87.6501,41.85
Brave Girls,7/16/22,Chicago,Avondale Music Hall,,2022,-87.6501,41.85
CIX,5/7/22,Chicago,The Vic,,2022,-87.6501,41.85
DKB,6/12/22,Chicago,Concord Music Hall,,2022,-87.6501,41.85
Dreamcatcher,7/7/22,Chicago,Radius,,2022,-87.6501,41.85
Itzy,11/7/22,Chicago,Rosemont Theatre,,2022,-87.6501,41.85
KARD,8/16/22,Chicago,House of Blues Chicago,,2022,-87.6501,41.85
Kim Woo Jin,11/6/22,Chicago,Avondale Music Hall,,2022,-87.6501,41.85
LOONA,8/11/22,Chicago,Radius,,2022,-87.6501,41.85
MCND,8/31/22,Chicago,Bottom Lounge,,2022,-87.6501,41.85
Monsta X,5/28/22,Chicago,The Chicago Theatre,,2022,-87.6501,41.85
OMEGA X,10/10/22,Chicago,Concord Music Hall,,2022,-87.6501,41.85
ONEUS,3/1/22,Chicago,Concord Music Hall,,2022,-87.6501,41.85
P1Harmony,5/11/22,Chicago,Copernicus Center,,2022,-87.6501,41.85
SF9,12/2/22,Chicago,Copernicus Center,,2022,-87.6501,41.85
Stray Kids,7/1/22,Chicago,United Center,"12,718",2022,-87.6501,41.85
Sunmi,9/2/22,Chicago,Rivera Theatre,,2022,-87.6501,41.85
THE BOYZ,6/1/22,Chicago,Rosemont Theatre,,2022,-87.6501,41.85
WEi,9/25/22,Chicago,Avondale Theater,,2022,-87.6501,41.85
Aespa,8/30/23,Chicago,Rosemont Theatre,,2023,-87.6501,41.85
CIX,3/16/23,Chicago,Radius,,2023,-87.6501,41.85
CRAVITY,6/18/23,Chicago,Copernicus Center,,2023,-87.6501,41.85
Dreamcatcher,3/10/23,Chicago,Radius,,2023,-87.6501,41.85
ENHYPEN,10/22/23,Chicago,United Center,"12,748",2023,-87.6501,41.85
EVERGLOW,11/15/23,Chicago,Patio Theater,,2023,-87.6501,41.85
Kang Daniel,3/9/23,Chicago,House of Blues,,2023,-87.6501,41.85
Loossemble,9/24/23,Chicago,The Chicago Theatre,,2023,-87.6501,41.85
N.Flying,1/15/23,Chicago,Copernicus Center,,2023,-87.6501,41.85
NCT 127,1/9/23,Chicago,United Center,,2023,-87.6501,41.85
NCT 127,1/9/23,Chicago,United Center,,2023,-87.6501,41.85
NCT Dream,4/7/23,Chicago,AllState Arena,,2023,-87.6501,41.85
OnlyOneOf,4/2/23,Chicago,Park West,,2023,-87.6501,41.85
P1Harmony,1/29/23,Chicago,Chicago Theater,,2023,-87.6501,41.85
pH1,2/5/23,Chicago,Concord Music Hall,,2023,-87.6501,41.85
PIXY,4/26/23,Chicago,Logan Square Auditorium,,2023,-87.6501,41.85
TRI.BE,6/19/23,Chicago,North Shore Arts Center,,2023,-87.6501,41.85
TWICE,6/28/23,Chicago,United Center,"25,286",2023,-87.6501,41.85
TWICE,6/29/23,Chicago,United Center,"25,286",2023,-87.6501,41.85
WOODZ,12/4/23,Chicago,Arie Crown Theater,,2023,-87.6501,41.85
xikers,10/24/23,Chicago,Patio Theatre,,2023,-87.6501,41.85
ARTMS,9/10/24,Chicago, Copernicus Center ,,2024,-87.6501,41.85
Billlie,11/17/24,Chicago, Copernicus Center ,,2024,-87.6501,41.85
BM,5/18/24,Chicago,The Vic,,2024,-87.6501,41.85
CIX,5/22/24,Chicago,Copernicus Center,,2024,-87.6501,41.85
Dreamcatcher,11/6/24,Chicago,Chicago Theatre,,2024,-87.6501,41.85
EVERGLOW,9/27/24,Chicago,The Vic Theatre,,2024,-87.6501,41.85
Itzy,6/26/24,Chicago,Rosemont Theatre,,2024,-87.6501,41.85
Kiss Of Life,11/12/24,Chicago,Riviera Theatre,,2024,-87.6501,41.85
MCND,2/11/24,Chicago,Distro Music Hall,,2024,-87.6501,41.85
Moonbyul,11/23/24,Chicago,Athenaeum Center Theater,,2024,-87.6501,41.85
NCT Dream,9/26/24,Chicago,United Center,,2024,-87.6501,41.85
P1Harmony,5/20/24,Chicago,Credit Union 1 Arena,,2024,-87.6501,41.85
XG,10/21/24,Chicago,Wintrust Arena,,2024,-87.6501,41.85
Dreamcatcher,9/7/23,Cincinnati,Taft Theatre,,2023,-84.5125,39.1
ONEUS,2/25/22,Cleveland,Agora Ballroom,,2022,-81.6697,41.4822
PIXY,4/30/23,"Columbus, Ohio",The Summit Music Hall,,2023,-83.0006,39.9622
TRI.BE,6/15/23,"Columbus, Ohio",King of Clubs,,2023,-83.0006,39.9622
Itzy,11/1/22,Dallas,Toyota Music Factory,,2022,-96.8089,32.7792
TXT,7/14/22,Dallas,Texas Trust CU Theatre,"6,202",2022,-96.8089,32.7792
ATEEZ,3/17/19,Dallas,Granada Theatre,,2019,-96.8089,32.7792
Dreamcatcher,12/11/19,Dallas,South Side Music Hall,,2019,-96.8089,32.7792
Jay Park,11/20/19,Dallas,The Bomb Factory,,2019,-96.8089,32.7792
ONEUS,11/10/19,Dallas,Granada Theatre,,2019,-96.8089,32.7792
Red Velvet,2/10/19,Dallas,The Theatre at Grand Prairie,"3,509",2019,-96.8089,32.7792
Tiffany,11/16/19,Dallas,Trees,,2019,-96.8089,32.7792
EVERGLOW,3/6/20,Dallas,South Side Music Hall,,2020,-96.8089,32.7792
Seventeen,1/14/20,Dallas,Toyota Music Factory,,2020,-96.8089,32.7792
Stray Kids,2/2/20,Dallas,The Theatre at Grand Prairie,,2020,-96.8089,32.7792
(G)IDLE,7/30/22,Dallas,The Factory,,2022,-96.8089,32.7792
ATEEZ,1/27/22,Dallas,Texas Trust CU Theatre,"6,269",2022,-96.8089,32.7792
ATEEZ,11/16/22,Dallas,Dickies Arena,,2022,-96.8089,32.7792
BLACKPINK,10/25/22,Dallas,American Airlines Center,"23,528",2022,-96.8089,32.7792
BLACKPINK,10/26/22,Dallas,American Airlines Center,,2022,-96.8089,32.7792
Brave Girls,7/17/22,Dallas,South Side Music Hall,,2022,-96.8089,32.7792
CIX,5/5/22,Dallas,House of Blues Dallas,,2022,-96.8089,32.7792
DKB,6/15/22,Dallas,South Side Music Hall,,2022,-96.8089,32.7792
KARD,8/30/22,Dallas,Majestic Theatre,,2022,-96.8089,32.7792
Kim Woo Jin,11/10/22,Dallas,Viva Lounge,,2022,-96.8089,32.7792
LOONA,8/25/22,Dallas,713 Music Hall,,2022,-96.8089,32.7792
OMEGA X,10/15/22,Dallas,House of Blues Dallas,,2022,-96.8089,32.7792
ONEUS,3/6/22,Dallas,South Side Music Hall,,2022,-96.8089,32.7792
SF9,12/5/22,Dallas,Music Hall at Fair Park,,2022,-96.8089,32.7792
TWICE,2/22/22,Dallas,Dickies Arena,"10,357",2022,-96.8089,32.7792
TWICE,2/22/22,Dallas,Dickies Arena,"10,357",2022,-96.8089,32.7792
WEi,9/19/22,Dallas,South Side Music Hall,,2022,-96.8089,32.7792
Aespa,8/18/23,Dallas,The Pavillion at Toyota Music Factory,,2023,-96.8089,32.7792
Chuu,12/17/23,Dallas,Music Hall at Fair Park,,2023,-96.8089,32.7792
CRAVITY,6/23/23,Dallas,House of Blues,,2023,-96.8089,32.7792
ENHYPEN,10/14/23,Dallas,American Airlines Center,"11,687",2023,-96.8089,32.7792
Kang Daniel,3/12/23,Dallas,House of Blues,,2023,-96.8089,32.7792
NCT Dream,4/14/23,Dallas,Texas Trust CU Theatre,,2023,-96.8089,32.7792
NMIXX,5/8/23,Dallas,The Pavilion at Toyota Music Factory,,2023,-96.8089,32.7792
ONEUS,1/27/23,Dallas,Will Rogers Stadium,,2023,-96.8089,32.7792
OnlyOneOf,4/7/23,Dallas,South Side Music Hall,,2023,-96.8089,32.7792
P1Harmony,2/16/23,Dallas,Music Hall at Fair Park,,2023,-96.8089,32.7792
pH1,1/28/23,Dallas,The Studio,,2023,-96.8089,32.7792
PIXY,4/13/23,Dallas,The Loft,,2023,-96.8089,32.7792
TRI.BE,6/28/23,Dallas,Gilley's,,2023,-96.8089,32.7792
TWICE,6/21/23,Dallas,Globe Life Field,"24,925",2023,-96.8089,32.7792
ARTMS,8/27/24,Dallas, Music Hall at Fair Park ,,2024,-96.8089,32.7792
Billlie,12/8/24,Dallas, The Studio at the Factory ,,2024,-96.8089,32.7792
BM,5/16/24,Dallas,Southside Music Hall,,2024,-96.8089,32.7792
CIX,5/21/24,Dallas,South Side Music Hall,,2024,-96.8089,32.7792
EVERGLOW,10/4/24,Dallas,House of Blues,,2024,-96.8089,32.7792
Hyolyn,11/2/24,Dallas,Southside Music Hall @ Gilley's Dallas,,2024,-96.8089,32.7792
Kiss Of Life,11/27/24,Dallas,The Factory in Deep Ellum,,2024,-96.8089,32.7792
MCND,2/14/24,Dallas,South Side Music Hall,,2024,-96.8089,32.7792
Moonbyul,11/17/24,Dallas,Irving Arts Center,,2024,-96.8089,32.7792
P1Harmony,5/17/24,Dallas,Music Hall at Fair Park,,2024,-96.8089,32.7792
THE BOYZ,7/23/24,Dallas,Music Hall at Fair Park,,2024,-96.8089,32.7792
Whee In,5/22/24,Dallas,Majestic Theatre,,2024,-96.8089,32.7792
Tiffany,11/18/19,Denver,Bluebird Theater,,2019,-104.9915,39.742
Brave Girls,7/19/22,Denver,Fox Theatre,,2022,-104.9915,39.742
DKB,6/17/22,Denver,Aggie Theatre,,2022,-104.9915,39.742
Dreamcatcher,7/12/22,Denver,Fillmore Auditorium,,2022,-104.9915,39.742
KARD,8/28/22,Denver,Fillmore Auditorium,,2022,-104.9915,39.742
LOONA,8/6/22,Denver,Fillmore Auditorium,,2022,-104.9915,39.742
OMEGA X,10/12/22,Denver,Fillmore Auditorium,,2022,-104.9915,39.742
P1Harmony,5/13/22,Denver,Fillmore Auditorium,,2022,-104.9915,39.742
SF9,12/8/22,Denver,Fillmore Auditorium,,2022,-104.9915,39.742
Chuu,12/7/23,Denver,Filmore Auditorium,,2023,-104.9915,39.742
Dreamcatcher,3/12/23,Denver,Fillmore Theater,,2023,-104.9915,39.742
EVERGLOW,11/17/23,Denver,Fillmore Auditorium,,2023,-104.9915,39.742
P1Harmony,1/24/23,Denver,Fillmore Auditorium,,2023,-104.9915,39.742
PIXY,4/18/23,Denver,The Oriental Theater,,2023,-104.9915,39.742
TRI.BE,6/26/23,Denver,The Oriental Theater,,2023,-104.9915,39.742
Dreamcatcher,11/10/24,Denver,Filmore Auditorium,,2024,-104.9915,39.742
Moonbyul,11/15/24,Denver,Gates Concert Hall,,2024,-104.9915,39.742
Monsta X,5/26/22,Detroit,Fox Theatre,,2022,-83.0475,42.3317
TRI.BE,6/16/23,Detroit,Crofoot Ballroom,,2023,-83.0475,42.3317
SuperM,11/15/19,"Duluth, Minnesota",Infinite Energy Arena,,2019,-92.0981,46.7869
TXT,5/19/23,"Duluth, Minnesota",Gas South Arena,"17,804",2023,-92.0981,46.7869
TXT,5/20/23,"Duluth, Minnesota",Gas South Arena,,2023,-92.0981,46.7869
ATEEZ,7/30/24,"Duluth, Minnesota",Gas South Arena,,2024,-92.0981,46.7869
ATEEZ,7/31/24,"Duluth, Minnesota",Gas South Arena,,2024,-92.0981,46.7869
NCT Dream,9/19/24,"Duluth, Minnesota",Gas South Arena,,2024,-92.0981,46.7869
BTS,5/18/19,"East Rutherford, New Jersey",MetLife Stadium,"98,574",2019,-74.0969,40.8303
BTS,5/19/19,"East Rutherford, New Jersey",MetLife Stadium,,2019,-74.0969,40.8303
SEVENTEEN,10/25/24,"Elmont, New York",UBS Arena,,2024,-73.7025,40.7017
SEVENTEEN,10/27/24,"Elmont, New York",UBS Arena,,2024,-73.7025,40.7017
SuperM,11/17/19,"Fairfax, Virginia",EagleBank Arena,,2019,-77.3432,38.83409
Monsta X,5/24/22,"Fairfax, Virginia",EagleBank Arena,,2022,-77.3432,38.83409
Itzy,6/20/24,"Fairfax, Virginia",EagleBank Arena,,2024,-77.3432,38.83409
ARTMS,8/21/24,"Fort Lauderdale, Florida", Broward Center ,,2024,-80.1419,26.1358
Whee In,5/29/24,"Fort Lauderdale, Florida",Broward Center,,2024,-80.1419,26.1358
BTS,9/15/18,"Fort Worth, Texas",Fort Worth Convention Center,"17,452",2018,-97.3325,32.7564
BTS,9/16/18,"Fort Worth, Texas",Fort Worth Convention Center,"17,452",2018,-97.3325,32.7564
Wanna One,6/26/18,"Fort Worth, Texas",Fort Worth Convention Center,,2018,-97.3325,32.7564
BLACKPINK,5/8/19,"Fort Worth, Texas",Fort Worth Convention Center,"9,107",2019,-97.3325,32.7564
SuperM,11/11/19,"Fort Worth, Texas",Dickies Arena,,2019,-97.3325,32.7564
ENHYPEN,10/6/22,"Fort Worth, Texas",Dickies Arena,"10,043",2022,-97.3325,32.7564
Monsta X,6/6/22,"Fort Worth, Texas",Dickies Arena,,2022,-97.3325,32.7564
CIX,3/20/23,"Fort Worth, Texas",Will Rogers Stadium,,2023,-97.3325,32.7564
Loossemble,9/29/23,"Fort Worth, Texas",Will Rogers Auditorium,,2023,-97.3325,32.7564
Stray Kids,3/26/23,"Fort Worth, Texas",Dickies Arena,"22,626",2023,-97.3325,32.7564
Stray Kids,3/27/23,"Fort Worth, Texas",Dickies Arena,,2023,-97.3325,32.7564
tripleS,10/11/23,"Fort Worth, Texas",Will Rogers,,2023,-97.3325,32.7564
xikers,10/28/23,"Fort Worth, Texas",Will Rogers Auditorium,,2023,-97.3325,32.7564
IVE,3/20/24,"Fort Worth, Texas",Dickies Arena,"7,320",2024,-97.3325,32.7564
NCT Dream,9/17/24,"Fort Worth, Texas",Dickies Arena,,2024,-97.3325,32.7564
Dreamcatcher,2/28/23,Atlanta,CocaCola Roxy,,2023,-84.3903,33.7569
ENHYPEN,10/10/23,"Glendale, Arizona",Desert Diamond Arena,"8,551",2023,-112.2,33.5833
BTS,7/18/15,"Grand Prairie, Texas",Verizon Theatre at Grand Prairie,,2015,-97.0169,32.7153
(G)IDLE,8/9/23,"Grand Prairie, Texas",Texas Trust CU Theatre,,2023,-97.0169,32.7153
XG,10/12/24,"Grand Prairie, Texas",Texas Trust CU Theatre,,2024,-97.0169,32.7153
Jay Park,11/27/19,Honolulu,Hawaii Theatre,,2019,-157.8572,21.3047
TXT,7/17/22,Houston,Smart Financial Centre,"6,250",2022,-95.3831,29.7628
Stray Kids,5/19/19,Houston,Revention Music Center,,2019,-95.3831,29.7628
Tiffany,11/15/19,Houston,White Oak Music Hall,,2019,-95.3831,29.7628
Itzy,1/22/20,Houston,Bayou Music Center,,2020,-95.3831,29.7628
Seventeen,1/15/20,Houston,Smart Financial Centre,,2020,-95.3831,29.7628
(G)IDLE,8/1/22,Houston,The Hobby Center,,2022,-95.3831,29.7628
BLACKPINK,10/29/22,Houston,Toyota Center,"23,480",2022,-95.3831,29.7628
BLACKPINK,10/30/22,Houston,Toyota Center,,2022,-95.3831,29.7628
ENHYPEN,10/8/22,Houston,Smart Financial Centre,"6,122",2022,-95.3831,29.7628
Itzy,11/3/22,Houston,Smart Financial Centre,,2022,-95.3831,29.7628
KARD,9/1/22,Houston,Bayou Music Center,,2022,-95.3831,29.7628
LOONA,8/26/22,Houston,Pepsi Center,,2022,-95.3831,29.7628
ONEUS,3/7/22,Houston,White Oak Music Hall,,2022,-95.3831,29.7628
P1Harmony,3/18/22,Houston,713 Music Hall,,2022,-95.3831,29.7628
WEi,9/21/22,Houston,Warehouse Live,,2022,-95.3831,29.7628
CIX,3/18/23,Houston,Bayou Music Center,,2023,-95.3831,29.7628
E'LAST,5/6/23,Houston,Cullen Performance Hall,,2023,-95.3831,29.7628
ENHYPEN,10/13/23,Houston,Toyota Center,"9,405",2023,-95.3831,29.7628
Kang Daniel,3/11/23,Houston,House of Blues,,2023,-95.3831,29.7628
Loossemble,9/26/23,Houston,Smart Financial Centre at Sugar Land,,2023,-95.3831,29.7628
N.Flying,1/20/23,Houston,Warehouse Live,,2023,-95.3831,29.7628
NCT 127,1/11/23,Houston,Toyota Music Factory,,2023,-95.3831,29.7628
NCT 127,1/11/23,Houston,Toyota Center,,2023,-95.3831,29.7628
NCT Dream,4/12/23,Houston,Toyota Center,,2023,-95.3831,29.7628
NMIXX,5/9/23,Houston,Bayou Music Center,,2023,-95.3831,29.7628
ONEUS,1/29/23,Houston,713 Music Hall,,2023,-95.3831,29.7628
P1Harmony,1/26/23,Houston,713 Music Hall,,2023,-95.3831,29.7628
pH1,1/27/23,Houston,Warehouse Live,,2023,-95.3831,29.7628
PIXY,4/16/23,Houston,Scout Bar,,2023,-95.3831,29.7628
tripleS,10/9/23,Houston,Bayou Music Center,,2023,-95.3831,29.7628
TWICE,6/24/23,Houston,Toyota Center,"19,605",2023,-95.3831,29.7628
TWICE,6/25/23,Houston,Toyota Center,"19,605",2023,-95.3831,29.7628
WOODZ,12/6/23,Houston,Smart Financial Center,,2023,-95.3831,29.7628
xikers,10/30/23,Houston,House of Blues,,2023,-95.3831,29.7628
(G)IDLE,9/13/24,Houston,Toyota Center,,2024,-95.3831,29.7628
ARTMS,8/25/24,Houston, Bayou Music Center ,,2024,-95.3831,29.7628
Dreamcatcher,11/20/24,Houston,713 Music Hall,,2024,-95.3831,29.7628
Kiss Of Life,11/26/24,Houston,713 Music Hall,,2024,-95.3831,29.7628
P1Harmony,5/14/24,Houston,Smart Financial Centre,,2024,-95.3831,29.7628
TXT,5/26/24,Houston,Minute Maid Park,"21,734",2024,-95.3831,29.7628
Whee In,5/24/24,Houston,713 Music Hall,,2024,-95.3831,29.7628
PIXY,4/29/23,Indianapolis,Irving Theater,,2023,-86.1581,39.7686
TRI.BE,6/18/23,Indianapolis,Irving Theater,,2023,-86.1581,39.7686
EXO,4/28/17,"Inglewood, California",The Forum,"8,668",2017,-118.3461,33.9575
BLACKPINK,4/17/19,"Inglewood, California",The Forum,"12,245",2019,-118.3461,33.9575
SuperM,2/1/20,"Inglewood, California",The Forum,,2020,-118.3461,33.9575
Dreamcatcher,3/15/23,"Irving, Texas",Toyota Music Factory,,2023,-96.9508,32.8117
Itzy,6/16/24,"Irving, Texas",Toyota Music Factory,,2024,-96.9508,32.8117
Dreamcatcher,12/15/19,"Jersey City, New Jersey",White Eagle Hall,,2019,-74.06,40.71
EVERGLOW,3/13/20,"Jersey City, New Jersey",White Eagle Hall,,2020,-74.06,40.71
DKB,9/15/22,"Jersey City, New Jersey",White Eagle Hall,,2022,-74.06,40.71
Kim Woo Jin,11/3/22,"Jersey City, New Jersey",White Eagle Hall,,2022,-74.06,40.71
OnlyOneOf,3/31/23,"Jersey City, New Jersey",White Eagle Hall,,2023,-74.06,40.71
Billlie,11/15/24,"Jersey City, New Jersey", White Eagle Hall ,,2024,-74.06,40.71
Moonbyul,11/29/24,"Jersey City, New Jersey",NJCU Center for the Arts,,2024,-74.06,40.71
LOONA,8/8/22,"Kansas City, Missouri",Uptown Theatre,,2022,-94.5833,39.05
OMEGA X,10/14/22,"Kansas City, Missouri",Uptown Theatre,,2022,-94.5833,39.05
PIXY,4/23/23,"Kansas City, Missouri",Gem Theater,,2023,-94.5833,39.05
TRI.BE,6/23/23,"Kansas City, Missouri",Folly Theater,,2023,-94.5833,39.05
tripleS,10/7/23,"Kansas City, Missouri",Uptown Theater,,2023,-94.5833,39.05
Moonbyul,11/19/24,"Kansas City, Missouri",Folly Theater,,2024,-94.5833,39.05
BTS,4/8/22,Las Vegas,Allegiant Stadium,"200,000",2022,-115.1486,36.1672
BTS,4/9/22,Las Vegas,Allegiant Stadium,,2022,-115.1486,36.1672
BTS,4/15/22,Las Vegas,MGM Grand Garden Arena,"22,000",2022,-115.1486,36.1672
BTS,4/16/22,Las Vegas,MGM Grand Garden Arena,,2022,-115.1486,36.1672
Kiss Of Life,12/7/24,Las Vegas,House of Blues Las Vegas,,2024,-115.1486,36.1672
XG,10/4/24,Las Vegas, The Theater at Virgin Hotels ,"50,000",2024,-115.1486,36.1672
ONEUS,3/3/22,"Lawrence, Kansas",Liberty Hall,,2022,-95.2353,38.9717
BLACKPINK,11/19/22,Los Angeles,Banc of California Stadium,"46,295",2022,-118.2437,34.0522
BLACKPINK,11/20/22,Los Angeles,Banc of California Stadium,,2022,-118.2437,34.0522
BLITZERS,2/5/22,Los Angeles,El Rey Theatre,,2022,-118.2437,34.0522
Itzy,10/26/22,Los Angeles,YouTube Theater,,2022,-118.2437,34.0522
TWICE,5/15/22,Los Angeles,Banc of California Stadium,,2022,-118.2437,34.0522
TWICE,5/15/22,Los Angeles,Banc of California Stadium,,2022,-118.2437,34.0522
BTS,7/26/15,Los Angeles,Club Nokia,,2015,-118.2437,34.0522
Amber,12/13/18,Los Angeles,Belasco,,2018,-118.2437,34.0522
BTS,9/5/18,Los Angeles,Staples Center,"56,220",2018,-118.2437,34.0522
BTS,9/6/18,Los Angeles,Staples Center,,2018,-118.2437,34.0522
BTS,9/8/18,Los Angeles,Staples Center,,2018,-118.2437,34.0522
BTS,9/9/18,Los Angeles,Staples Center,,2018,-118.2437,34.0522
ATEEZ,3/15/19,Los Angeles,Globe Theatre,,2019,-118.2437,34.0522
Dreamcatcher,12/6/19,Los Angeles,Globe Theatre,,2019,-118.2437,34.0522
Jay Park,11/4/19,Los Angeles,The Novo by Microsoft,,2019,-118.2437,34.0522
ONEUS,11/15/19,Los Angeles,Belasco,,2019,-118.2437,34.0522
Red Velvet,2/7/19,Los Angeles,Pasadena Civic Auditorium,"5,986",2019,-118.2437,34.0522
Red Velvet,2/8/19,Los Angeles,Pasadena Civic Auditorium,"5,986",2019,-118.2437,34.0522
Stray Kids,5/17/19,Los Angeles,Pasadena Civic Auditorium,,2019,-118.2437,34.0522
Sunmi,3/7/19,Los Angeles,The Fonda Theatre,,2019,-118.2437,34.0522
Tiffany,11/21/19,Los Angeles,The Fonda Theatre,,2019,-118.2437,34.0522
TWICE,7/17/19,Los Angeles,The Forum,"11,827",2019,-118.2437,34.0522
Itzy,1/17/20,Los Angeles,The Novo by Microsoft,,2020,-118.2437,34.0522
Seventeen,1/19/20,Los Angeles,The Forum,,2020,-118.2437,34.0522
Stray Kids,2/16/20,Los Angeles,Microsoft Theatre,,2020,-118.2437,34.0522
BTS,11/27/21,Los Angeles,SoFi Stadium,"214,000",2021,-118.2437,34.0522
BTS,11/28/21,Los Angeles,SoFi Stadium,,2021,-118.2437,34.0522
BTS,12/1/21,Los Angeles,YouTube Theater,"18,000",2021,-118.2437,34.0522
BTS,12/2/21,Los Angeles,YouTube Theater,,2021,-118.2437,34.0522
(G)IDLE,7/22/22,Los Angeles,The Novo by Microsoft,,2022,-118.2437,34.0522
Aespa,6/26/22,Los Angeles,YouTube Theater,,2022,-118.2437,34.0522
Aespa,6/27/22,Los Angeles,YouTube Theater,,2022,-118.2437,34.0522
ATEEZ,1/30/22,Los Angeles,The Forum,"19,868",2022,-118.2437,34.0522
ATEEZ,1/31/22,Los Angeles,The Forum,,2022,-118.2437,34.0522
Brave Girls,7/23/22,Los Angeles,Wilshire Ebell Theatre,,2022,-118.2437,34.0522
CIX,4/27/22,Los Angeles,The Wiltern,,2022,-118.2437,34.0522
DKB,6/19/22,Los Angeles,Wilshire Ebell Theatre,,2022,-118.2437,34.0522
Dreamcatcher,7/16/22,Los Angeles,The Wiltern,,2022,-118.2437,34.0522
Dreamcatcher,7/17/22,Los Angeles,The Wiltern,,2022,-118.2437,34.0522
KARD,8/26/22,Los Angeles,The Wiltern,,2022,-118.2437,34.0522
Kim Woo Jin,11/13/22,Los Angeles,Teragram Ballroom,,2022,-118.2437,34.0522
LOONA,8/1/22,Los Angeles,The Wiltern,,2022,-118.2437,34.0522
LOONA,8/2/22,Los Angeles,The Wiltern,,2022,-118.2437,34.0522
MCND,8/24/22,Los Angeles,The Mayan Club,,2022,-118.2437,34.0522
Monsta X,6/11/22,Los Angeles,Kia Forum,,2022,-118.2437,34.0522
NCT 127,10/6/22,Los Angeles,Crypto Arena,,2022,-118.2437,34.0522
OMEGA X,10/22/22,Los Angeles,The Orpheum Theatre,,2022,-118.2437,34.0522
P1Harmony,5/15/22,Los Angeles,The Theatre at Ace Hotel,,2022,-118.2437,34.0522
P1Harmony,5/16/22,Los Angeles,The Theatre at Ace Hotel,,2022,-118.2437,34.0522
SF9,12/10/22,Los Angeles,The Wiltern,,2022,-118.2437,34.0522
Stray Kids,7/9/22,Los Angeles,Kia Forum,"24,920",2022,-118.2437,34.0522
Stray Kids,7/10/22,Los Angeles,Kia Forum,,2022,-118.2437,34.0522
Sunmi,9/12/22,Los Angeles,The Wiltern,,2022,-118.2437,34.0522
THE BOYZ,5/29/22,Los Angeles,Pasadena Civic Auditorium,,2022,-118.2437,34.0522
TWICE,2/15/22,Los Angeles,The Forum,,2022,-118.2437,34.0522
TWICE,2/15/22,Los Angeles,The Forum,"25,507",2022,-118.2437,34.0522
TWICE,2/16/22,Los Angeles,The Forum,"25,507",2022,-118.2437,34.0522
TWICE,2/16/22,Los Angeles,The Forum,,2022,-118.2437,34.0522
TWICE,5/14/22,Los Angeles,Banc of California Stadium,"46,710",2022,-118.2437,34.0522
TWICE,5/14/22,Los Angeles,Banc of California Stadium,"46,710",2022,-118.2437,34.0522
TXT,7/23/22,Los Angeles,Microsoft Theatre,"13,562",2022,-118.2437,34.0522
TXT,7/24/22,Los Angeles,Microsoft Theatre,,2022,-118.2437,34.0522
WEi,9/16/22,Los Angeles,El Rey Theater,,2022,-118.2437,34.0522
(G)IDLE,8/6/23,Los Angeles,Peacock Theater,,2023,-118.2437,34.0522
Aespa,8/13/23,Los Angeles,Crypto.com Arena,"10,000",2023,-118.2437,34.0522
Chuu,12/3/23,Los Angeles,The Orpheum Theatre,,2023,-118.2437,34.0522
CIX,3/24/23,Los Angeles,Orpheum Theatre,,2023,-118.2437,34.0522
CRAVITY,6/25/23,Los Angeles,Avalon Hollywood,,2023,-118.2437,34.0522
Dreamcatcher,3/20/23,Los Angeles,Hollywood Palladium,,2023,-118.2437,34.0522
E'LAST,5/7/23,Los Angeles,Avalon Hollywood,,2023,-118.2437,34.0522
ENHYPEN,10/6/23,Los Angeles,Dignity Health Sports Park,"22,446",2023,-118.2437,34.0522
EVERGLOW,11/22/23,Los Angeles,The Wiltern,,2023,-118.2437,34.0522
Kang Daniel,3/18/23,Los Angeles,The Wiltern,,2023,-118.2437,34.0522
Loossemble,10/7/23,Los Angeles,Kia Forum,,2023,-118.2437,34.0522
N.Flying,1/22/23,Los Angeles,Pasadena Civic Auditorium,,2023,-118.2437,34.0522
NCT Dream,4/19/23,Los Angeles,Honda Center,,2023,-118.2437,34.0522
NMIXX,5/5/23,Los Angeles,The Wiltern,,2023,-118.2437,34.0522
ONEUS,2/4/23,Los Angeles,Pasadena Civic Auditorium,,2023,-118.2437,34.0522
OnlyOneOf,4/30/23,Los Angeles,Avalon Hollywood,,2023,-118.2437,34.0522
P1Harmony,1/20/23,Los Angeles,Palladium,,2023,-118.2437,34.0522
pH1,1/25/23,Los Angeles,Fonda Theatre,,2023,-118.2437,34.0522
PIXY,4/9/23,Los Angeles,Palace Theater,,2023,-118.2437,34.0522
Stray Kids,3/31/23,Los Angeles,Banc of California Stadium,"45,380",2023,-118.2437,34.0522
Stray Kids,4/2/23,Los Angeles,Banc of California Stadium,,2023,-118.2437,34.0522
Suga,5/10/23,Los Angeles,Kia Forum,"42,492",2023,-118.2437,34.0522
Suga,5/11/23,Los Angeles,Kia Forum,,2023,-118.2437,34.0522
Suga,5/14/23,Los Angeles,Kia Forum,,2023,-118.2437,34.0522
TRI.BE,7/3/23,Los Angeles,Palace Theatre,,2023,-118.2437,34.0522
tripleS,10/14/23,Los Angeles,Pasadena Civic Center,,2023,-118.2437,34.0522
TWICE,6/10/23,Los Angeles,SoFi Stadium,"48,345",2023,-118.2437,34.0522
TXT,5/27/23,Los Angeles,BMO Stadium,"46,757",2023,-118.2437,34.0522
TXT,5/28/23,Los Angeles,BMO Stadium,,2023,-118.2437,34.0522
WOODZ,11/30/23,Los Angeles,Long Beach Terrace Theater,,2023,-118.2437,34.0522
xikers,11/1/23,Los Angeles,The Orpheum,,2023,-118.2437,34.0522
ARTMS,8/31/24,Los Angeles, The Orpheum Theatre ,,2024,-118.2437,34.0522
ATEEZ,7/20/24,Los Angeles,BMO Stadium,,2024,-118.2437,34.0522
ATEEZ,7/21/24,Los Angeles,BMO Stadium,,2024,-118.2437,34.0522
Billlie,12/15/24,Los Angeles, Teragram Ballroom ,,2024,-118.2437,34.0522
BM,5/14/24,Los Angeles, The Avalon ,,2024,-118.2437,34.0522
CIX,5/26/24,Los Angeles, Novo ,,2024,-118.2437,34.0522
Day6,4/16/25,Los Angeles, YouTube Theater ,,2024,-118.2437,34.0522
Day6,4/17/25,Los Angeles, YouTube Theater ,,2024,-118.2437,34.0522
Dreamcatcher,11/15/24,Los Angeles,Dolby Theatre,,2024,-118.2437,34.0522
Hyolyn,11/1/24,Los Angeles,Catch One,,2024,-118.2437,34.0522
Itzy,6/11/24,Los Angeles,Kia Forum,,2024,-118.2437,34.0522
IU,8/2/24,Los Angeles,Kia Forum,"13,770",2024,-118.2437,34.0522
IVE,3/13/24,Los Angeles,KIA Forum,,2024,-118.2437,34.0522
Kiss Of Life,12/3/24,Los Angeles,The Novo,,2024,-118.2437,34.0522
Kiss Of Life,12/4/24,Los Angeles,The Novo,,2024,-118.2437,34.0522
Loossemble,10/25/24,Los Angeles,Orpheum Theatre,,2024,-118.2437,34.0522
MCND,2/18/24,Los Angeles,Avalon Hollywood,,2024,-118.2437,34.0522
Moonbyul,11/12/24,Los Angeles, Wilshire Ebell Theatre ,,2024,-118.2437,34.0522
NCT Dream,9/12/24,Los Angeles,Intuit Dome,,2024,-118.2437,34.0522
P1Harmony,6/16/24,Los Angeles,The Kia Forum,,2024,-118.2437,34.0522
SEVENTEEN,11/9/24,Los Angeles,BMO Stadium,"40,000",2024,-118.2437,34.0522
SEVENTEEN,11/10/24,Los Angeles,BMO Stadium,,2024,-118.2437,34.0522
THE BOYZ,7/25/24,Los Angeles,Peacock Theater,,2024,-118.2437,34.0522
TXT,5/21/24,Los Angeles,Crypto.com Arena,"23,849",2024,-118.2437,34.0522
TXT,5/22/24,Los Angeles,Crypto.com Arena,,2024,-118.2437,34.0522
Whee In,5/19/24,Los Angeles,Orpheum,,2024,-118.2437,34.0522
XG,10/6/24,Los Angeles,Peacock Theater,,2024,-118.2437,34.0522
Dreamcatcher,7/3/22,"Louisville, Kentucky",Old Foresters Paristown Hall,,2022,-85.7514,38.2561
LOONA,8/13/22,"Louisville, Kentucky",Old Foresters Paristown Hall,,2022,-85.7514,38.2561
OMEGA X,10/9/22,"Louisville, Kentucky",Old Foresters Paristown Hall,,2022,-85.7514,38.2561
ONEUS,2/26/22,"Louisville, Kentucky",Paristown Hall,,2022,-85.7514,38.2561
EVERGLOW,11/13/23,"Louisville, Kentucky",Louisville Palace,,2023,-85.7514,38.2561
PIXY,4/27/23,"Louisville, Kentucky",Art Sanctuary,,2023,-85.7514,38.2561
ONEUS,1/21/23,"Madison, Wisconsin",The Orpheum Theatre,,2023,-89.3842,43.0747
Loossemble,10/16/24,"Madison, Wisconsin",Orpheum Theatre,,2024,-89.3842,43.0747
Jay Park,11/16/19,Miami,Fillmore Miami Beach,,2019,-80.2167,25.7833
Red Velvet,2/13/19,Miami,Fillmore Miami Beach,"2,148",2019,-80.2167,25.7833
Stray Kids,2/7/20,Miami,Watsco Center,,2020,-80.2167,25.7833
Brave Girls,7/12/22,Miami,Amaturo Theater,,2022,-80.2167,25.7833
P1Harmony,3/16/22,Miami,Fillmore Miami Beach,,2022,-80.2167,25.7833
Aespa,8/22/23,Miami,James L. Knight Center,,2023,-80.2167,25.7833
P1Harmony,6/5/24,Miami,James L. Knight Center,,2024,-80.2167,25.7833
Jay Park,11/22/19,Minneapolis,State Theatre,,2019,-93.2692,44.9819
ONEUS,11/13/19,Minneapolis,Pantages Theatre,,2019,-93.2692,44.9819
Itzy,1/19/20,Minneapolis,State Theatre,,2020,-93.2692,44.9819
Dreamcatcher,7/9/22,Minneapolis,Skyway Theatre,,2022,-93.2692,44.9819
KARD,8/18/22,Minneapolis,Fillmore Minneapolis,,2022,-93.2692,44.9819
ONEUS,2/19/22,Minneapolis,Skyway Theatre,,2022,-93.2692,44.9819
OnlyOneOf,4/4/23,Minneapolis,The Lyric At The Skyway,,2023,-93.2692,44.9819
ARTMS,9/8/24,Minneapolis, Uptown Theatre ,,2024,-93.2692,44.9819
Kiss Of Life,11/10/24,Minneapolis,Uptown Theater,,2024,-93.2692,44.9819
Loossemble,10/18/24,Minneapolis,Uptown Theater,,2024,-93.2692,44.9819
Dreamcatcher,9/10/23,"Nashville, Tennessee",Grand Ole Opry,,2023,-86.7744,36.1622
P1Harmony,2/12/23,"Nashville, Tennessee",Grand Ole Opry,,2023,-86.7744,36.1622
P1Harmony,6/3/24,"Nashville, Tennessee",Grand Ole Opry,,2024,-86.7744,36.1622
EVERGLOW,11/1/23,"New Haven, Connecticut",College Street Music Hall,,2023,-72.925,41.3083
Seventeen,1/10/20,"Newark, New Jersey",Prudential Center,,2020,-74.185,40.7353
ENHYPEN,10/15/22,New York City,Radio City Music Hall,"5,577",2022,-74,40.7
TXT,7/9/22,New York City,Hulu Theater,"5,239",2022,-74,40.7
BTS,7/16/15,New York City,Best Buy Theater,"12,500",2015,-74,40.7
Amber,12/9/18,New York City,Irving Plaza,,2018,-74,40.7
BTS,10/6/18,New York City,Citi Field,"34,327",2018,-74,40.7
ATEEZ,3/24/19,New York City,Warsaw,,2019,-74,40.7
Jay Park,11/14/19,New York City,Terminal 5,,2019,-74,40.7
ONEUS,11/3/19,New York City,The Town Hall,,2019,-74,40.7
Sunmi,3/15/19,New York City,The Town Hall,,2019,-74,40.7
SuperM,11/19/19,New York City,Madison Square Garden,,2019,-74,40.7
Tiffany,11/10/19,New York City,Brooklyn Steel,,2019,-74,40.7
Itzy,1/26/20,New York City,Kings Theatre,,2020,-74,40.7
Stray Kids,1/29/20,New York City,Hulu Theater,,2020,-74,40.7
(G)IDLE,8/5/22,New York City,Webster Hall,,2022,-74,40.7
BLITZERS,2/13/22,New York City,Webster Hall,,2022,-74,40.7
Brave Girls,7/10/22,New York City,Central Park SummerStage,,2022,-74,40.7
CIX,5/10/22,New York City,Palladium Times Square,,2022,-74,40.7
Dreamcatcher,6/28/22,New York City,Palladium Times Square,,2022,-74,40.7
Itzy,11/13/22,New York City,Hulu Theater,,2022,-74,40.7
LOONA,8/19/22,New York City,Palladium Times Square,,2022,-74,40.7
MCND,8/28/22,New York City,Webster Hall,,2022,-74,40.7
Monsta X,5/21/22,New York City,Radio City Music Hall,,2022,-74,40.7
OMEGA X,10/4/22,New York City,Palladium Times Square,,2022,-74,40.7
ONEUS,2/12/22,New York City,Webster Hall,,2022,-74,40.7
P1Harmony,3/10/22,New York City,The Town Hall,,2022,-74,40.7
P1Harmony,3/11/22,New York City,The Town Hall,,2022,-74,40.7
SF9,11/30/22,New York City,The Town Hall,,2022,-74,40.7
Sunmi,9/4/22,New York City,Terminal 5,,2022,-74,40.7
TWICE,2/26/22,New York City,UBS Arena,"26,768",2022,-74,40.7
TWICE,2/26/22,New York City,UBS Arena,"26,768",2022,-74,40.7
TWICE,2/27/22,New York City,UBS Arena,,2022,-74,40.7
TWICE,2/27/22,New York City,UBS Arena,,2022,-74,40.7
WEi,10/2/22,New York City,The Brooklyn Monarch,,2022,-74,40.7
(G)IDLE,8/13/23,New York City,The Theatre at MSG,,2023,-74,40.7
Chuu,12/13/23,New York City,Kings Theatre,,2023,-74,40.7
CIX,3/10/23,New York City,Terminal 5,,2023,-74,40.7
CRAVITY,6/16/23,New York City,Webster Hall,,2023,-74,40.7
Dreamcatcher,3/4/23,New York City,Hulu Theater,,2023,-74,40.7
EVERGLOW,11/3/23,New York City,Kings Theatre,,2023,-74,40.7
Kang Daniel,3/3/23,New York City,Webster Hall,,2023,-74,40.7
Loossemble,9/15/23,New York City,The Theater at MSG,,2023,-74,40.7
N.Flying,1/13/23,New York City,Terminal 5,,2023,-74,40.7
ONEUS,1/12/23,New York City,Apollo Theater,,2023,-74,40.7
P1Harmony,2/5/23,New York City,Terminal 5,,2023,-74,40.7
pH1,2/1/23,New York City,Webster Hall,,2023,-74,40.7
PIXY,5/3/23,New York City,The Brooklyn Monarch,,2023,-74,40.7
TRI.BE,6/12/23,New York City,The Brooklyn Monarch,,2023,-74,40.7
tripleS,10/1/23,New York City,Town Hall,,2023,-74,40.7
TWICE,7/6/23,New York City,Metlife Stadium,"47,907",2023,-74,40.7
WOODZ,12/11/23,New York City,Kings Theatre,,2023,-74,40.7
xikers,10/22/23,New York City,The Apollo,,2023,-74,40.7
ARTMS,8/16/24,New York City, Kings Theatre ,,2024,-74,40.7
ATEEZ,8/3/24,New York City,Citi Field,,2024,-74,40.7
BM,5/21/24,New York City,Webster Hall,,2024,-74,40.7
CIX,5/12/24,New York City, United Palace ,,2024,-74,40.7
Day6,4/19/25,New York City,The Theater at Madison Square Garden,,2024,-74,40.7
Dreamcatcher,11/2/24,New York City, Kings Theatre ,,2024,-74,40.7
EVERGLOW,9/29/24,New York City,The Town Hall,,2024,-74,40.7
Kiss Of Life,11/21/24,New York City,Irving Plaza,,2024,-74,40.7
Kiss Of Life,11/22/24,New York City,Manhattan Center Hammerstein Ballroom,,2024,-74,40.7
Loossemble,10/9/24,New York City,Town Hall,,2024,-74,40.7
MCND,2/9/24,New York City, Racket NYC ,,2024,-74,40.7
THE BOYZ,7/19/24,New York City, Radio City Music Hall ,,2024,-74,40.7
TXT,6/1/24,New York City,Madison Square Garden,"24,775",2024,-74,40.7
TXT,6/2/24,New York City,Madison Square Garden,,2024,-74,40.7
XG,10/18/24,New York City,Theater at Madison Square Garden,,2024,-74,40.7
BTS,3/23/17,"Newark, New Jersey",Prudential Center,"60,000",2017,-74.185,40.7353
BTS,3/24/17,"Newark, New Jersey",Prudential Center,"60,000",2017,-74.185,40.7353
EXO,4/25/17,"Newark, New Jersey",Prudential Center,"5,999",2017,-74.185,40.7353
BTS,9/28/18,"Newark, New Jersey",Prudential Center,"25,236",2018,-74.185,40.7353
BTS,9/29/18,"Newark, New Jersey",Prudential Center,"25,236",2018,-74.185,40.7353
BLACKPINK,5/1/19,"Newark, New Jersey",Prudential Center,"22,944",2019,-74.185,40.7353
BLACKPINK,5/2/19,"Newark, New Jersey",Prudential Center,,2019,-74.185,40.7353
Red Velvet,2/17/19,"Newark, New Jersey",NJ Performing Arts Center,"2,780",2019,-74.185,40.7353
Stray Kids,5/14/19,"Newark, New Jersey",NJ Performing Arts Center,"5,359",2019,-74.185,40.7353
Stray Kids,5/15/19,"Newark, New Jersey",NJ Performing Arts Center,,2019,-74.185,40.7353
TWICE,7/21/19,"Newark, New Jersey",Prudential Center,"15,000",2019,-74.185,40.7353
ATEEZ,1/24/22,"Newark, New Jersey",Prudential Center,"11,148",2022,-74.185,40.7353
ATEEZ,11/27/22,"Newark, New Jersey",Prudential Center,,2022,-74.185,40.7353
ATEEZ,11/28/22,"Newark, New Jersey",Prudential Center,,2022,-74.185,40.7353
BLACKPINK,11/14/22,"Newark, New Jersey",Prudential Center,"23,928",2022,-74.185,40.7353
BLACKPINK,11/15/22,"Newark, New Jersey",Prudential Center,,2022,-74.185,40.7353
NCT 127,10/13/22,"Newark, New Jersey",Prudential Center,,2022,-74.185,40.7353
Stray Kids,6/28/22,"Newark, New Jersey",Prudential Center,"24,186",2022,-74.185,40.7353
Stray Kids,6/29/22,"Newark, New Jersey",Prudential Center,,2022,-74.185,40.7353
THE BOYZ,6/3/22,"Newark, New Jersey",NJ Performing Arts Center,,2022,-74.185,40.7353
ENHYPEN,10/18/23,"Newark, New Jersey",Prudential Center,"20,053",2023,-74.185,40.7353
ENHYPEN,10/19/23,"Newark, New Jersey",Prudential Center,,2023,-74.185,40.7353
NCT Dream,4/5/23,"Newark, New Jersey",Prudential Center,,2023,-74.185,40.7353
Suga,4/29/23,"Newark, New Jersey",Prudential Center,"13,286",2023,-74.185,40.7353
Itzy,6/23/24,"Newark, New Jersey",Prudential Center,,2024,-74.185,40.7353
IU,7/15/24,"Newark, New Jersey",Prudential Center,"14,245",2024,-74.185,40.7353
IVE,3/29/24,"Newark, New Jersey",Prudential Center,"11,617",2024,-74.185,40.7353
BTS,9/12/18,"Oakland, California",Oracie Arena,"10,743",2018,-122.25,37.8
Stray Kids,7/12/22,"Oakland, California",Oakland Arena,"12,507",2022,-122.25,37.8
TWICE,2/18/22,"Oakland, California",Oakland Arena,"12,891",2022,-122.25,37.8
TWICE,2/18/22,"Oakland, California",Oakland Arena,"12,891",2022,-122.25,37.8
Chuu,12/5/23,"Oakland, California",Paramount Theatre,,2023,-122.25,37.8
CIX,3/26/23,"Oakland, California",Paramount Theatre,,2023,-122.25,37.8
Dreamcatcher,3/18/23,"Oakland, California",Paramount Theater,,2023,-122.25,37.8
Loossemble,10/5/23,"Oakland, California",Paramount Theatre,,2023,-122.25,37.8
P1Harmony,1/22/23,"Oakland, California",Paramount Theater,,2023,-122.25,37.8
Suga,5/16/23,"Oakland, California",Oakland Arena,"27,149",2023,-122.25,37.8
TWICE,6/12/23,"Oakland, California",Oakland Arena,"23,703",2023,-122.25,37.8
TWICE,6/13/23,"Oakland, California",Oakland Arena,"23,703",2023,-122.25,37.8
(G)IDLE,9/8/24,"Oakland, California",Oakland Arena,,2024,-122.25,37.8
ATEEZ,7/17/24,"Oakland, California",Oakland Arena,,2024,-122.25,37.8
Dreamcatcher,11/17/24,"Oakland, California",Paramount Theatre Oakland,,2024,-122.25,37.8
ENHYPEN,4/26/24,"Oakland, California",Oakland Arena,"11,950",2024,-122.25,37.8
Itzy,6/8/24,"Oakland, California",Oakland Arena,,2024,-122.25,37.8
IU,7/30/24,"Oakland, California",Oakland Arena,"13,932",2024,-122.25,37.8
IVE,3/16/24,"Oakland, California",Oakland Arena,"12,063",2024,-122.25,37.8
NCT Dream,9/14/24,"Oakland, California",Oakland Arena,,2024,-122.25,37.8
P1Harmony,6/14/24,"Oakland, California",Oakland Arena,,2024,-122.25,37.8
SEVENTEEN,11/5/24,"Oakland, California",Oakland Arena,,2024,-122.25,37.8
SEVENTEEN,11/6/24,"Oakland, California",Oakland Arena,,2024,-122.25,37.8
TXT,5/18/24,"Oakland, California",Oakland-Alameda County Coliseum,"15,663",2024,-122.25,37.8
TRI.BE,6/24/23,"Omaha, Nebraska",Benson Theatre,,2023,-95.9375,41.2586
Dreamcatcher,12/13/19,"Orlando, Florida",Plaza Live,,2019,-81.3867,28.5336
OMEGA X,10/7/22,"Orlando, Florida",The Plaza Live,,2022,-81.3867,28.5336
ONEUS,2/22/22,"Orlando, Florida",The Plaza Live,,2022,-81.3867,28.5336
Dreamcatcher,9/13/23,"Orlando, Florida",Dr. Phillips Center,,2023,-81.3867,28.5336
E'LAST,5/14/23,"Orlando, Florida",Avanti Palms Convention Center,,2023,-81.3867,28.5336
ONEUS,1/18/23,"Orlando, Florida",House of Blues Orlando,,2023,-81.3867,28.5336
pH1,2/7/23,"Orlando, Florida",House of Blues,,2023,-81.3867,28.5336
PIXY,5/9/23,"Orlando, Florida",Level 13,,2023,-81.3867,28.5336
TRI.BE,6/6/23,"Orlando, Florida",Level 13 Event Center,,2023,-81.3867,28.5336
ARTMS,8/23/24,"Orlando, Florida", Walt Disney Theater ,,2024,-81.3867,28.5336
Loossemble,10/6/24,"Orlando, Florida",Steinmetz Hall,,2024,-81.3867,28.5336
Whee In,5/27/24,"Orlando, Florida",Hard Rock Live,,2024,-81.3867,28.5336
BTS,5/4/19,"Pasadena, California",Rose Bowl,"113,040",2019,-118.1319,34.1561
BTS,5/5/19,"Pasadena, California",Rose Bowl,,2019,-118.1319,34.1561
Tiffany,11/6/19,Philadelphia,Union Transfer,,2019,-75.1636,39.9528
Brave Girls,7/9/22,Philadelphia,Admore Music Hall,,2022,-75.1636,39.9528
WEi,9/29/22,Philadelphia,Ardmore Music Hall,,2022,-75.1636,39.9528
PIXY,5/5/23,Philadelphia,Temple Performing Arts Center,,2023,-75.1636,39.9528
TRI.BE,6/10/23,Philadelphia,Suzanne Roberts Theatre,,2023,-75.1636,39.9528
Moonbyul,12/1/24,Philadelphia,Temple Performing Arts Center,,2024,-75.1636,39.9528
Itzy,10/29/22,"Phoenix, Arizona",Arizona Federal Theatre,,2022,-112.0739,33.4483
Tiffany,11/20/19,"Phoenix, Arizona",Crescent Ballroom,,2019,-112.0739,33.4483
Stray Kids,2/9/20,"Phoenix, Arizona",Comerica Theatre,,2020,-112.0739,33.4483
ATEEZ,11/10/22,"Phoenix, Arizona",Gila River Arena,,2022,-112.0739,33.4483
Monsta X,6/8/22,"Phoenix, Arizona",Arizona Federal Theatre,,2022,-112.0739,33.4483
OMEGA X,10/18/22,"Phoenix, Arizona",Marquee Theatre Tempe,,2022,-112.0739,33.4483
ONEUS,3/11/22,"Phoenix, Arizona",Marquee Theatre Tempe,,2022,-112.0739,33.4483
ONEUS,2/2/23,"Phoenix, Arizona",Marquee Theatre Tempe,,2023,-112.0739,33.4483
OnlyOneOf,4/12/23,"Phoenix, Arizona",Orpheum Theatre,,2023,-112.0739,33.4483
PIXY,4/10/23,"Phoenix, Arizona",Stage West,,2023,-112.0739,33.4483
TRI.BE,7/2/23,"Phoenix, Arizona",Herberger Center Stage,,2023,-112.0739,33.4483
ARTMS,8/29/24,"Phoenix, Arizona", The Van Buren ,,2024,-112.0739,33.4483
ATEEZ,7/25/24,"Phoenix, Arizona",Footprint Center,,2024,-112.0739,33.4483
EVERGLOW,10/6/24,"Phoenix, Arizona",The Van Buren,,2024,-112.0739,33.4483
Kiss Of Life,12/1/24,"Phoenix, Arizona",The Van Buren,,2024,-112.0739,33.4483
Loossemble,10/14/24,Pittsburgh,Roxian Theatre,,2024,-80,40.4417
ONEUS,2/16/22,"Pontiac, Michigan",The Crofoot,,2022,-83.2925,42.6461
Tiffany,10/28/19,"Portland, Oregon",Wonder Ballroom,,2019,-122.6667,45.5167
PIXY,4/7/23,"Portland, Oregon",Bossanova Ballroom,,2023,-122.6667,45.5167
Tiffany,11/12/19,"Raleigh, North Carolina",Lincoln Theatre,,2019,-78.64,35.78
Dreamcatcher,7/1/22,"Reading, Pennsylvania",Santander Arena,,2022,-75.9261,40.3417
LOONA,8/15/22,"Reading, Pennsylvania",Santander Arena,,2022,-75.9261,40.3417
CIX,3/12/23,"Reading, Pennsylvania",Santander Arena,,2023,-75.9261,40.3417
Dreamcatcher,3/6/23,"Reading, Pennsylvania",Santander Arena,,2023,-75.9261,40.3417
P1Harmony,2/3/23,"Reading, Pennsylvania",Santander Arena,,2023,-75.9261,40.3417
BTS,7/24/15,"Rosemont, Illinois",Rosemont Theatre,,2015,-87.8739,41.9908
BTS,3/29/17,"Rosemont, Illinois",AllState Arena,,2017,-87.8739,41.9908
(G)IDLE,8/17/23,"Rosemont, Illinois",Rosemont Theatre,,2023,-87.8739,41.9908
Suga,5/3/23,"Rosemont, Illinois",Allstate Arena,"36,652",2023,-87.8739,41.9908
Suga,5/5/23,"Rosemont, Illinois",Allstate Arena,,2023,-87.8739,41.9908
Suga,5/6/23,"Rosemont, Illinois",Allstate Arena,,2023,-87.8739,41.9908
(G)IDLE,9/15/24,"Rosemont, Illinois",Allstate Arena,,2024,-87.8739,41.9908
ATEEZ,8/10/24,"Rosemont, Illinois", Allstate Arena ,,2024,-87.8739,41.9908
ATEEZ,8/11/24,"Rosemont, Illinois", Allstate Arena ,,2024,-87.8739,41.9908
ENHYPEN,5/1/24,"Rosemont, Illinois",AllState Arena,"15,684",2024,-87.8739,41.9908
IU,7/25/24,"Rosemont, Illinois",Allstate Arena,"13,965",2024,-87.8739,41.9908
IVE,3/26/24,"Rosemont, Illinois",Allstate Arena,"7,438",2024,-87.8739,41.9908
SEVENTEEN,10/22/24,"Rosemont, Illinois", Allstate Arena ,,2024,-87.8739,41.9908
SEVENTEEN,10/23/24,"Rosemont, Illinois", Allstate Arena ,,2024,-87.8739,41.9908
TXT,6/5/24,"Rosemont, Illinois",Allstate Arena,"21,445",2024,-87.8739,41.9908
TXT,6/6/24,"Rosemont, Illinois",Allstate Arena,,2024,-87.8739,41.9908
PIXY,4/20/23,"Saint Paul, Minnesota",Amsterdam Bar & Grill,,2023,-93.0936,44.9442
TRI.BE,6/21/23,"Saint Paul, Minnesota",Amsterdam Bar & Grill,,2023,-93.0936,44.9442
OMEGA X,10/16/22,San Antonio,Vibes Entertainment Center,,2022,-98.4939,29.425
PIXY,4/12/23,San Antonio,Vibes Event Center,,2023,-98.4939,29.425
TRI.BE,6/29/23,San Antonio,Vibes Event Center,,2023,-98.4939,29.425
TXT,5/23/23,San Antonio,AT&T Center,"24,456",2023,-98.4939,29.425
TXT,5/24/23,San Antonio,AT&T Center,,2023,-98.4939,29.425
Kiss Of Life,11/29/24,San Antonio,The Tobin Center for the Performing Arts,,2024,-98.4939,29.425
SEVENTEEN,10/31/24,San Antonio,Frost Bank Center,,2024,-98.4939,29.425
SEVENTEEN,11/1/24,San Antonio,Frost Bank Center,,2024,-98.4939,29.425
SuperM,1/30/20,San Diego,Viejas Arena,,2019,-117.1625,32.715
BLITZERS,2/8/22,San Francisco,Regency Ballroom,,2022,-122.4164,37.7775
Amber,12/14/18,San Francisco,Slim's,,2018,-122.4164,37.7775
Jay Park,11/6/19,San Francisco,Warfield Theatre,,2019,-122.4164,37.7775
Sunmi,3/6/19,San Francisco,Regency Ballroom,,2019,-122.4164,37.7775
Tiffany,10/25/19,San Francisco,Regency Ballroom,,2019,-122.4164,37.7775
(G)IDLE,7/24/22,San Francisco,The Warfield,"2,300",2022,-122.4164,37.7775
Brave Girls,7/21/22,San Francisco,Cowell Theater,,2022,-122.4164,37.7775
CIX,4/30/22,San Francisco,UC Theatre,,2022,-122.4164,37.7775
Dreamcatcher,7/14/22,San Francisco,The Midway,,2022,-122.4164,37.7775
Kim Woo Jin,11/12/22,San Francisco,Marine Memorial Theatre,,2022,-122.4164,37.7775
LOONA,8/4/22,San Francisco,The Midway,,2022,-122.4164,37.7775
MCND,8/26/22,San Francisco,Social Hall SF,,2022,-122.4164,37.7775
Sunmi,9/13/22,San Francisco,The Warfield,,2022,-122.4164,37.7775
TXT,7/21/25,San Francisco,Bill Graham Civiv Auditorium,"5,168",2022,-122.4164,37.7775
(G)IDLE,8/4/23,San Francisco,Bill Graham Civic Auditorium,,2023,-122.4164,37.7775
EVERGLOW,11/20/23,San Francisco,The Warfield,,2023,-122.4164,37.7775
Kang Daniel,3/17/23,San Francisco,The Regency Ballroom,,2023,-122.4164,37.7775
OnlyOneOf,4/29/23,San Francisco,Fort Mason Cowell Theater,,2023,-122.4164,37.7775
pH1,1/23/23,San Francisco,Regency Ballroom,,2023,-122.4164,37.7775
WOODZ,12/2/23,San Francisco,Golden Gate Theatre,,2023,-122.4164,37.7775
xikers,11/4/23,San Francisco,The Warfield,,2023,-122.4164,37.7775
ARTMS,9/3/24,San Francisco, The Warfield ,,2024,-122.4164,37.7775
Kiss Of Life,12/10/24,San Francisco,The Warfield,,2024,-122.4164,37.7775
Loossemble,10/23/24,San Francisco,Palace of Fine Arts,,2024,-122.4164,37.7775
MCND,2/16/24,San Francisco,Fort Mason Cowell Theater,,2024,-122.4164,37.7775
Whee In,5/17/24,San Francisco, Palace of Fine Arts ,,2024,-122.4164,37.7775
XG,10/8/24,San Francisco,Bill Graham Civic Auditorium,,2024,-122.4164,37.7775
XG,10/9/24,San Francisco,Bill Graham Civic Auditorium,,2024,-122.4164,37.7775
Wanna One,6/21/18,"San Jose, California",Event Center Arena,,2018,-121.8728,37.3042
Seventeen,1/21/20,"San Jose, California",SAP Center,,2020,-121.8728,37.3042
Stray Kids,2/13/20,"San Jose, California",Provident Credit Union Event Center,,2020,-121.8728,37.3042
SuperM,2/2/20,"San Jose, California",SAP Center,,2020,-121.8728,37.3042
DKB,10/5/22,"San Jose, California",Montgomery Theatre,,2022,-121.8728,37.3042
KARD,8/24/22,"San Jose, California",San Jose Civic,,2022,-121.8728,37.3042
P1Harmony,5/18/22,"San Jose, California",San Jose Civic,,2022,-121.8728,37.3042
WEi,9/17/22,"San Jose, California",Montgomery Theater,,2022,-121.8728,37.3042
NMIXX,5/4/23,"San Jose, California",San Jose Civic,,2023,-121.8728,37.3042
THE BOYZ,7/28/24,"San Jose, California",San Jose Civic,,2024,-121.8728,37.3042
BLITZERS,2/9/22,Seattle,Showbox SoDo,,2022,-122.3321,47.6062
Jay Park,12/1/19,Seattle,Showbox SoDo,,2019,-122.3321,47.6062
Sunmi,3/10/19,Seattle,Showbox SoDo,,2019,-122.3321,47.6062
Tiffany,10/29/19,Seattle,Showbox SoDo,,2019,-122.3321,47.6062
Seventeen,1/23/20,Seattle,ShoWare Center,,2020,-122.3321,47.6062
SuperM,2/4/20,Seattle,ShoWare Center,,2020,-122.3321,47.6062
(G)IDLE,7/27/22,Seattle,Showbox SoDo,,2022,-122.3321,47.6062
KARD,8/22/22,Seattle,Moore Theatre,,2022,-122.3321,47.6062
Stray Kids,7/14/22,Seattle,Climate Pledge Arena,"23,522",2022,-122.3321,47.6062
Stray Kids,7/15/22,Seattle,Climate Pledge Arena,,2022,-122.3321,47.6062
Sunmi,9/10/22,Seattle,Showbox SoDo,,2022,-122.3321,47.6062
NCT Dream,4/21/23,Seattle,Climate Pledge Arena,,2023,-122.3321,47.6062
NMIXX,5/2/23,Seattle,Moore Theatre,,2023,-122.3321,47.6062
pH1,2/9/23,Seattle,Showbox Sodo,,2023,-122.3321,47.6062
PIXY,4/6/23,Seattle,El Corazon,,2023,-122.3321,47.6062
Dreamcatcher,11/13/24,Seattle,McCaw Hall,,2024,-122.3321,47.6062
Hyolyn,11/3/24,Seattle,Showbox,,2024,-122.3321,47.6062
Itzy,6/6/24,Seattle, WaMu Theater ,,2024,-122.3321,47.6062
Kiss Of Life,12/12/24,Seattle,Moore Theatre,,2024,-122.3321,47.6062
Kiss Of Life,11/18/24,"Silver Spring, Maryland",The Fillmore Silver Spring,,2024,-77.0208,39.0024
Kiss Of Life,11/19/24,"Silver Spring, Maryland",The Fillmore Silver Spring,,2024,-77.0208,39.0024
ONEUS,1/24/23,St. Louis,The Factory,,2023,-90.1994,38.627
PIXY,4/24/23,St. Louis,Red Flag,,2023,-90.1994,38.627003
EVERGLOW,11/10/23,"St. Petersburg, Florida",Mahaffey Theater,,2023,-82.64,27.7731
Dreamcatcher,11/22/24,"St. Petersburg, Florida",Duke Energy Center for the Arts - Mahaffey Theater,,2024,-82.64,27.7731
EVERGLOW,10/1/24,"St. Petersburg, Florida",Mahaffey Theater,,2024,-82.64,27.7731
Itzy,6/14/24,"Sugar Land, Texas",Smart Financial Centre,,2024,-95.6142,29.5994
XG,10/14/24,"Sugar Land, Texas",Smart Financial Centre,,2024,-95.6142,29.5994
Monsta X,6/1/22,"Sunrise, Florida",FLA Live Theatre,,2022,-80.2861,26.1572
TWICE,6/16/23,"Tacoma, Washington",Tacoma Dome,"18,023",2023,-122.4475,47.2525
(G)IDLE,9/6/24,"Tacoma, Washington",Tacoma Dome,,2024,-122.4475,47.2525
ARTMS,9/5/24,"Tacoma, Washington", Pantages Theater ,,2024,-122.4475,47.2525
ATEEZ,7/14/24,"Tacoma, Washington", Tacoma Dome ,,2024,-122.4475,47.2525
ENHYPEN,4/28/24,"Tacoma, Washington",Tacoma Dome,"15,684",2024,-122.4475,47.2525
Loossemble,10/21/24,"Tacoma, Washington",Pantages Theater,,2024,-122.4475,47.2525
TXT,5/14/24,"Tacoma, Washington", Tacoma Dome ,"10,691",2024,-122.4475,47.2525
PIXY,5/10/23,"Tampa, Florida",Brass Mug,,2023,-82.4586,27.9475
Moonbyul,12/6/24,"Tampa, Florida",Straz Center Ferguson Hall,,2024,-82.4586,27.9475
CIX,3/22/23,"Tempe, Arizona",Marquee Theatre Tempe,,2023,-111.94,33.4256
WEi,9/27/22,Toronto,The Opera House,,2022,-79.3867,43.6703
Billlie,12/10/24,"Tucson, Arizona", Fox Tucson Theatre ,,2024,-110.9264,32.2217
tripleS,10/3/23,"Tysons, Virginia",Capital One Hall,,2023,-77.2297,38.9186
Amber,12/7/18,"Washington, D.C.",UStreet Music Hall,,2018,-77.009056,38.8898
Sunmi,3/18/19,"Washington, D.C.",Lincoln Theatre,,2019,-77.009056,38.8898
Itzy,1/24/20,"Washington, D.C.",Warner Theatre,,2020,-77.009056,38.8898
KARD,8/10/22,"Washington, D.C.",Warner Theatre,,2022,-77.009056,38.8898
LOONA,8/17/22,"Washington, D.C.",MGM National Harbor,,2022,-77.009056,38.8898
P1Harmony,3/13/22,"Washington, D.C.",Warner Theatre,,2022,-77.009056,38.8898
Aespa,8/27/23,"Washington, D.C.",The Theater at MGM National Harbor,,2023,-77.009056,38.8898
Chuu,12/11/23,"Washington, D.C.",MGM National Harbor,,2023,-77.009056,38.8898
CIX,3/14/23,"Washington, D.C.",MGM National Harbor,,2023,-77.009056,38.8898
Dreamcatcher,3/2/23,"Washington, D.C.",MGM National Harbor,,2023,-77.009056,38.8898
EVERGLOW,11/8/23,"Washington, D.C.",Warner Theatre,,2023,-77.009056,38.8898
Loossemble,9/20/23,"Washington, D.C.",The Theater at MGM National Harbor,,2023,-77.009056,38.8898
NMIXX,5/14/23,"Washington, D.C.",Warner Theatre,,2023,-77.009056,38.8898
ONEUS,1/14/23,"Washington, D.C.",MGM National Harbor,,2023,-77.009056,38.8898
P1Harmony,2/8/23,"Washington, D.C.",MGM National Harbor,,2023,-77.009056,38.8898
TXT,5/16/23,"Washington, D.C.",Capital One Arena,"12,073",2023,-77.009056,38.8898
ATEEZ,8/6/24,"Washington, D.C.",Capital One Arena,,2024,-77.009056,38.8898
BM,5/25/24,"Washington, D.C.",Karma,,2024,-77.009056,38.8898
Dreamcatcher,11/4/24,"Washington, D.C.",Warner Theatre,,2024,-77.009056,38.8898
IU,7/22/24,"Washington, D.C.",Capital One Arena,"15,060",2024,-77.009056,38.8898
Moonbyul,12/3/24,"Washington, D.C.",Cramton Auditorium,,2024,-77.009056,38.8898
NCT Dream,9/24/24,"Washington, D.C.",Capital One Arena,,2024,-77.009056,38.8898
P1Harmony,5/30/24,"Washington, D.C.",The Anthem,,2024,-77.009056,38.8898
TXT,6/8/24,"Washington, D.C.",Capital One Arena,"13,169",2024,-77.009056,38.8898
Whee In,6/2/24,"Washington, D.C.",Warner Theatre,,2024,-77.009056,38.8898
ONEUS,2/13/22,"Wilkes-Barre, Pennsylvania",The FM Kirby Center,,2022,-75.8781,41.2444